id,brand,category,model,name,image_folder,image_file,spec1_key,spec1_value,spec2_key,spec2_value,spec3_key,spec3_value,tags,desc
[설명],브랜드명,카테고리,모델번호,제품명,이미지폴더명,이미지파일명,규격항목1이름,규격항목1값,규격항목2이름,규격항목2값,규격항목3이름,규격항목3값,태그(쉼표구분),제품설명
[브랜드 목록],대림바스 / 대림통상 / 계림요업 / 로얄앤컴퍼니 / 아메리칸스탠다드 / 이누스 / 크린스,,,,,,,,,,,,
[카테고리 목록],양변기 / 세면기 / 소변기 / 기타 / 세면수전 / 샤워수전 / 레인샤워수전 / 주방수전 / 기타수전 / 타일,,,,,,,,,,,,
[폴더명 목록],daelim-bath / daelim-tong / gyerim / royal / american-standard / inus / krins,,,,,,,,,,,,
[파일명 규칙],모델번호 그대로 사용. 공백은 하이픈으로. 예) CL 332 → CL-332.jpg,,,,,,,,,,,,
,,,,,,,,,,,,,
p-039,대림통상,양변기,모델번호,제품명,daelim-tong,모델번호.jpg,규격,KS규격,배수방식,바닥배수,,,"양변기",제품 설명을 여기에 입력하세요.
p-040,대림통상,세면기,모델번호,제품명,daelim-tong,모델번호.jpg,규격,표준규격,타입,벽걸이형,,,"세면기",제품 설명을 여기에 입력하세요.
p-041,계림요업,양변기,모델번호,제품명,gyerim,모델번호.jpg,규격,KS규격,,,,,양변기,제품 설명을 여기에 입력하세요.
p-042,아메리칸스탠다드,양변기,모델번호,제품명,american-standard,모델번호.jpg,규격,표준규격,,,,,양변기,제품 설명을 여기에 입력하세요.
p-043,이누스,세면수전,모델번호,제품명,inus,모델번호.jpg,홀수,1홀,마감,크롬,,,"세면수전,1홀",제품 설명을 여기에 입력하세요.
p-044,크린스,샤워수전,모델번호,제품명,krins,모델번호.jpg,방식,2WAY,마감,크롬,,,"샤워수전,욕조겸용",제품 설명을 여기에 입력하세요.
